source_id,verified,date,actor,country,milestone_type,milestone_description,target_year,quantitative_target,notes
LEG2_CHINA_MIIT_HUMANOID,false,2023-11-02,MIIT,China,policy_roadmap,"China to ""realise mass production by 2025"" of humanoid robots; establish innovation system; breakthrough key technologies; secure supply of core components.",2025,,"Initial MIIT humanoid roadmap published Nov 2023."
LEG2_CHINA_MIIT_HUMANOID,false,2023-11-02,MIIT,China,policy_roadmap,"By 2027, humanoids become ""important new engine of economic growth"" with secure supply chain and ""deep integration into the real economy""; China to become world leader.",2027,,"Same Nov 2023 roadmap. 2027 timeline aligns with mid-2025-2030 15th Five-Year Plan."
LEG2_CHINA_MIIT_HUMANOID,false,2026-02-01,MIIT,China,policy_standard,"China publishes first national standard system for humanoid robots and embodied intelligence.",2026,,"Feb 2026 announcement. Marks transition from policy goal-setting to operational standards."
LEG2_IFR_WORLD_ROBOTICS,true,2026-05-05,IFR,China,industry_observation,"IFR press release: ""wide adoption of AI with traditional industrial robotics is expected over the next five to ten years""; humanoid commercialization ""towards the end of the [15th Five-Year] plan period""",2030,,"IFR observation (not policy). Aligns with 2026-2030 plan horizon."
TSLA_2026_Q1_EARNINGS,false,2026-04-22,Tesla,United_States,corporate_guidance,"Optimus production begins Fremont late July/August 2026. Second factory Giga Texas summer 2027. Musk DECLINED to provide 2026 production target.",2026,production_target_withheld,"Reduction from earlier ""thousands by year end"" guidance — significant signal."
TSLA_2026_Q1_EARNINGS,false,2026-04-22,Tesla,United_States,capital_commitment,"Tesla annual capex raised to >$25B for 2026 — roughly 3x 2025 spend. Significant share to Optimus production lines + AI compute + robotics facility at Giga Texas.",2026,25000000000,"Per Tesla Q1 2026 earnings call. Specific Optimus allocation not disclosed."
LEG2_HUMANOID_FUNDING,false,2026-02-11,Apptronik,United_States,commercial_milestone,"Apptronik $935M total Series A funding; commercial pilots with Mercedes-Benz, GXO Logistics, Jabil",2026,,
LEG2_HUMANOID_FUNDING,false,2025-09,Figure AI,United_States,commercial_milestone,"Figure $1B+ Series C committed at $39B post-money. BMW Spartanburg commercial pilot.",2025,,
LEG2_HUMANOID_FUNDING,false,2026-01-14,Skild AI,United_States,capital_commitment,"$1.4B raised at >$14B valuation (SoftBank-led). Software-focused (cross-embodiment AI brain).",2026,1400000000,"Largest single humanoid-related round to date. Software focus differentiates from hardware-first players."
